{
  "extends": "tslint:recommended",
  "rulesDirectory": [
    "codelyzer"
  ],
  "rules": {
    "array-type": false,
    "arrow-return-shorthand": true,
    "curly": true,
    "deprecation": {
      "severity": "warning"
    },
    "eofline": true,
    "import-blacklist": [
      true,
      "rxjs/Rx"
    ],
    "indent": [false, "tabs", 4],
    "max-classes-per-file": false,
    "max-line-length": [
      true,
      140
    ],
    "member-ordering": [
      false,
      {
        "order": [
          "static-field",
          "instance-field",
          "static-method",
          "instance-method"
        ]
      }
    ],
    "no-console": [
      true,
      "debug",
      "info",
      "time",
      "timeEnd",
      "trace"
    ],
    "no-empty": false,
    
    "no-non-null-assertion": true,
    "no-switch-case-fall-through": true,
    "no-var-requires": false,
    "no-var-keyword": false,
    "comment-format": false,
    "jsdoc-format": false,
    "object-literal-key-quotes": [
      true,
      "as-needed"
    ],
    "quotemark": [false, "double", "jsx-double"],
    "semicolon": false,
    "space-before-function-paren": {
      "options": {
        "anonymous": "never",
        "asyncArrow": "always",
        "constructor": "never",
        "method": "never",
        "named": "never"
      }
    },
    "typedef": [
      false,
      "call-signature"
    ],
    "typedef-whitespace": [false],
    "variable-name": {
      "options": [
        "ban-keywords",
        "check-format",
        "allow-pascal-case"
      ]
    },
    "whitespace":  [false],
    "no-trailing-whitespace": false,
    "component-class-suffix": true,
    "contextual-lifecycle": true,
    "directive-class-suffix": true,
    "no-conflicting-lifecycle": true,
    "no-host-metadata-property": true,
    "no-input-rename": true,
    "no-inputs-metadata-property": true,
    "no-output-native": true,
    "no-output-on-prefix": true,
    "no-output-rename": true,
    "no-outputs-metadata-property": true,
    "template-banana-in-box": true,
    "template-no-negated-async": true,
    "use-lifecycle-interface": true,
    "use-pipe-transform-interface": true,
    "directive-selector": [
      true,
      "attribute",
      "app",
      "camelCase"
    ],
    "component-selector": [
      true,
      "element",
      "app",
      "kebab-case"
    ]
  }
}
